project_ena	sample_ena	sample_original	sag_id	sample_description	collection_date
PRJEB108838	ERS29379248	AH2981	ICM0001_COSAG.1_Mamiellophyceae	Sample used for final dataset	2018-05-08
PRJEB108838	ERS29379250	AH2984	ICM0001_COSAG.1_Mamiellophyceae	Sample used for final dataset	2018-05-08
PRJEB108838	ERS29379251	AH2985	ICM0001_COSAG.1_Mamiellophyceae	Sample used for final dataset	2018-05-08
PRJEB108838	ERS29379253	AH6110	ICM0001_COSAG.1_Mamiellophyceae	Sample used for final dataset	2018-05-08
PRJEB108838	ERS29379255	AH6113	ICM0001_COSAG.1_Mamiellophyceae	Sample used for final dataset	2018-05-08
PRJEB108838	ERS29379256	AH6122	ICM0001_COSAG.1_Mamiellophyceae	Sample used for final dataset	2018-05-08
PRJEB108838	ERS29379258	P3_23	ICM0001_COSAG.1_Mamiellophyceae	Sample used for final dataset	2020-09-15
PRJEB108838	ERS29379260	P3_81	ICM0001_COSAG.1_Mamiellophyceae	Sample used for final dataset	2020-09-15
PRJEB108838	ERS29379263	P4_08	ICM0001_COSAG.1_Mamiellophyceae	Sample used for final dataset	2020-09-15
PRJEB108838	ERS29379265	P4_30	ICM0001_COSAG.1_Mamiellophyceae	Sample used for final dataset	2020-09-15
PRJEB108838	ERS29379267	P4_53	ICM0001_COSAG.1_Mamiellophyceae	Sample used for final dataset	2020-09-15
PRJEB108838	ERS29379269	AH2987	ICM0002_COSAG.1_Chrysophyceae	Sample used for final dataset	2018-05-08
PRJEB108838	ERS29379272	AH6115	ICM0002_COSAG.1_Chrysophyceae	Sample used for final dataset	2018-05-08
PRJEB108838	ERS29379273	P1_88	ICM0002_COSAG.1_Chrysophyceae	Sample used for final dataset	2020-09-15
PRJEB108838	ERS29379276	P2_71	ICM0002_COSAG.1_Chrysophyceae	Sample used for final dataset	2020-09-15
PRJEB108838	ERS29379278	AH2988	ICM0003_COSAG.1_Prymnesiophyceae	Sample used for final dataset	2018-05-08
PRJEB108838	ERS29379280	P3_93	ICM0003_COSAG.1_Prymnesiophyceae	Sample used for final dataset	2020-09-15
PRJEB108838	ERS29379282	AH2989	ICM0004_COSAG.1_Prymnesiophyceae	Sample used for final dataset	2018-05-08
PRJEB108838	ERS29379285	AH2990	ICM0004_COSAG.1_Prymnesiophyceae	Sample used for final dataset	2018-05-08
PRJEB108838	ERS29379286	AH2991	ICM0005_SAG.1_MALV-I	Sample used for final dataset	2018-05-08
PRJEB108838	ERS29379288	AH2992	ICM0006_COSAG.1_MAST-3	Sample used for final dataset	2018-05-08
PRJEB108838	ERS29379290	AH6144	ICM0006_COSAG.1_MAST-3	Sample used for final dataset	2018-05-08
PRJEB108838	ERS29379292	P1_18	ICM0006_COSAG.1_MAST-3	Sample used for final dataset	2020-09-15
PRJEB108838	ERS29379294	P1_58	ICM0006_COSAG.1_MAST-3	Sample used for final dataset	2020-09-15
PRJEB108838	ERS29379296	P2_36	ICM0006_COSAG.1_MAST-3	Sample used for final dataset	2020-09-15
PRJEB108838	ERS29379298	AH2993	ICM0007_COSAG.1_MAST-3	Sample used for final dataset	2018-05-08
PRJEB108838	ERS29379300	AH2994	ICM0007_COSAG.1_MAST-3	Sample used for final dataset	2018-05-08
PRJEB108838	ERS29379301	AH6147	ICM0007_COSAG.1_MAST-3	Sample used for final dataset	2018-05-08
PRJEB108838	ERS29379303	AH6153	ICM0007_COSAG.1_MAST-3	Sample used for final dataset	2018-05-08
PRJEB108838	ERS29379305	AH2996	ICM0008_SAG.1_Choanoflagellata	Sample used for final dataset	2018-05-08
PRJEB108838	ERS29379307	AH2997	ICM0009_SAG.1_Labyrinthulomycetes	Sample used for final dataset	2018-05-08
PRJEB108838	ERS29379309	AH2998	ICM0010_COSAG.1_MAST-4	Sample used for final dataset	2018-05-08
PRJEB108838	ERS29379311	AH6149	ICM0010_COSAG.1_MAST-4	Sample used for final dataset	2018-05-08
PRJEB108838	ERS29379313	GC1003827_F11_1	ICM0010_COSAG.1_MAST-4	Sample used for final dataset	2020-09-15
PRJEB108838	ERS29379315	GC1003827_F11_2	ICM0010_COSAG.1_MAST-4	Sample used for final dataset	2020-09-15
PRJEB108838	ERS29379316	AH2999	ICM0011_COSAG.1_Chlorarachnea	Sample used for final dataset	2018-05-08
PRJEB108838	ERS29379317	AP7859	ICM0011_COSAG.1_Chlorarachnea	Sample used for final dataset	2020-09-15
PRJEB108838	ERS29379318	AP7860	ICM0011_COSAG.1_Chlorarachnea	Sample used for final dataset	2020-09-15
PRJEB108838	ERS29379319	AP7861	ICM0011_COSAG.1_Chlorarachnea	Sample used for final dataset	2020-09-15
PRJEB108838	ERS29379320	AP7862	ICM0011_COSAG.1_Chlorarachnea	Sample used for final dataset	2020-09-15
PRJEB108838	ERS29379321	AH3000	ICM0012_SAG.1_MALV-I	Sample used for final dataset	2018-05-08
PRJEB108838	ERS29379322	AH3001	ICM0013_COSAG.1_MAST-1	Sample used for final dataset	2018-05-08
PRJEB108838	ERS29379323	AH6158	ICM0013_COSAG.1_MAST-1	Sample used for final dataset	2018-05-08
PRJEB108838	ERS29379324	AH6159	ICM0013_COSAG.1_MAST-1	Sample used for final dataset	2018-05-08
PRJEB108838	ERS29379325	AH6161	ICM0013_COSAG.1_MAST-1	Sample used for final dataset	2018-05-08
PRJEB108838	ERS29379326	AH6170	ICM0013_COSAG.1_MAST-1	Sample used for final dataset	2018-05-08
PRJEB108838	ERS29379327	AH6172	ICM0013_COSAG.1_MAST-1	Sample used for final dataset	2018-05-08
PRJEB108838	ERS29379328	AH3002	ICM0014_SAG.1_MAST-1	Sample used for final dataset	2018-05-08
PRJEB108838	ERS29379329	AH6111	ICM0015_COSAG.1_Prymnesiophyceae	Sample used for final dataset	2018-05-08
PRJEB108838	ERS29379330	AH6127	ICM0015_COSAG.1_Prymnesiophyceae	Sample used for final dataset	2018-05-08
PRJEB108838	ERS29379331	AH2980	ICM0016_COSAG.1_Dictyochophyceae	Sample used for final dataset	2018-05-08
PRJEB108838	ERS29379332	P3_14	ICM0016_COSAG.1_Dictyochophyceae	Sample used for final dataset	2020-09-15
PRJEB108838	ERS29379333	P3_45	ICM0016_COSAG.1_Dictyochophyceae	Sample used for final dataset	2020-09-15
PRJEB108838	ERS29379334	AH6134	ICM0017_SAG.1_MAST-8	Sample used for final dataset	2018-05-08
PRJEB108838	ERS29379335	AH6136	ICM0018_SAG.1_MALV-I	Sample used for final dataset	2018-05-08
PRJEB108838	ERS29379336	AH6137	ICM0019_COSAG.1_Choanoflagellata	Sample not used for final dataset	2018-05-08
PRJEB108838	ERS29379337	GC1003827_F08_1	ICM0019_COSAG.1_Choanoflagellata	Sample not used for final dataset	2020-09-15
PRJEB108838	ERS29379338	GC1003827_F08_2	ICM0019_COSAG.1_Choanoflagellata	Sample not used for final dataset	2020-09-15
PRJEB108838	ERS29379339	P1_11	ICM0019_COSAG.1_Choanoflagellata	Sample used for final dataset	2020-09-15
PRJEB108838	ERS29379340	P2_14	ICM0019_COSAG.1_Choanoflagellata	Sample used for final dataset	2020-09-15
PRJEB108838	ERS29379341	P2_18	ICM0019_COSAG.1_Choanoflagellata	Sample used for final dataset	2020-09-15
PRJEB108838	ERS29379342	P2_72	ICM0019_COSAG.1_Choanoflagellata	Sample used for final dataset	2020-09-15
PRJEB108838	ERS29379343	P2_84	ICM0019_COSAG.1_Choanoflagellata	Sample used for final dataset	2020-09-15
PRJEB108838	ERS29379344	P3_08	ICM0019_COSAG.1_Choanoflagellata	Sample used for final dataset	2020-09-15
PRJEB108838	ERS29379345	AH6138	ICM0020_SAG.1_MALV-II	Sample used for final dataset	2018-05-08
PRJEB108838	ERS29379346	AH6139	ICM0021_SAG.1_MALV-I	Sample used for final dataset	2018-05-08
PRJEB108838	ERS29379347	AH6140	ICM0022_SAG.1_MALV-II	Sample used for final dataset	2018-05-08
PRJEB108838	ERS29379348	AH6141	ICM0023_SAG.1_MAST-8	Sample used for final dataset	2018-05-08
PRJEB108838	ERS29379349	AH6160	ICM0024_COSAG.1_MAST-8	Sample used for final dataset	2018-05-08
PRJEB108838	ERS29379350	AH6174	ICM0024_COSAG.1_MAST-8	Sample used for final dataset	2018-05-08
PRJEB108838	ERS29379351	AH6163	ICM0025_SAG.1_Dictyochophyceae	Sample used for final dataset	2018-05-08
PRJEB108838	ERS29379352	AH6165	ICM0026_COSAG.1_MAST-1	Sample used for final dataset	2018-05-08
PRJEB108838	ERS29379353	AH6166	ICM0026_COSAG.1_MAST-1	Sample used for final dataset	2018-05-08
PRJEB108838	ERS29379354	AH6119	ICM0027_SAG.1_Dictyochophyceae	Sample used for final dataset	2018-05-08
PRJEB108838	ERS29379355	AH6125	ICM0028_COSAG.1_Mamiellophyceae	Sample used for final dataset	2018-05-08
PRJEB108838	ERS29379356	P3_91	ICM0028_COSAG.1_Mamiellophyceae	Sample used for final dataset	2020-09-15
PRJEB108838	ERS29379357	P4_07	ICM0028_COSAG.1_Mamiellophyceae	Sample used for final dataset	2020-09-15
PRJEB108838	ERS29379358	P4_26	ICM0028_COSAG.1_Mamiellophyceae	Sample used for final dataset	2020-09-15
PRJEB108838	ERS29379359	P4_29	ICM0028_COSAG.1_Mamiellophyceae	Sample used for final dataset	2020-09-15
PRJEB108838	ERS29379360	P4_51	ICM0028_COSAG.1_Mamiellophyceae	Sample used for final dataset	2020-09-15
PRJEB108838	ERS29379361	P4_76	ICM0028_COSAG.1_Mamiellophyceae	Sample used for final dataset	2020-09-15
PRJEB108838	ERS29379362	AH6126	ICM0029_SAG.1_Chrysophyceae	Sample used for final dataset	2018-05-08
PRJEB108838	ERS29379363	AH6130	ICM0030_SAG.1_Mamiellophyceae	Sample used for final dataset	2018-05-08
PRJEB108838	ERS29379364	AH6131	ICM0031_SAG.1_Chrysophyceae	Sample used for final dataset	2018-05-08
PRJEB108838	ERS29379365	AH6135	ICM0032_SAG.1_MALV-II	Sample used for final dataset	2018-05-08
PRJEB108838	ERS29379366	AH6146	ICM0033_SAG.1_MALV-II	Sample used for final dataset	2018-05-08
PRJEB108838	ERS29379367	AH6167	ICM0034_SAG.1_MALV-II	Sample used for final dataset	2018-05-08
PRJEB108838	ERS29379368	AH6169	ICM0035_SAG.1_MAST-2	Sample used for final dataset	2018-05-08
PRJEB108838	ERS29379369	AH6173	ICM0036_COSAG.1_Picozoa	Sample used for final dataset	2018-05-08
PRJEB108838	ERS29379370	AP7863	ICM0036_COSAG.1_Picozoa	Sample used for final dataset	2020-09-15
PRJEB108838	ERS29379371	AP7864	ICM0036_COSAG.1_Picozoa	Sample used for final dataset	2020-09-15
PRJEB108838	ERS29379372	AP7865	ICM0036_COSAG.1_Picozoa	Sample used for final dataset	2020-09-15
PRJEB108838	ERS29379373	AH6175	ICM0037_SAG.1_MAST-3	Sample used for final dataset	2018-05-08
PRJEB108838	ERS29379374	AH6178	ICM0038_SAG.1_Chrysophyceae	Sample used for final dataset	2018-05-08
PRJEB108838	ERS29379375	AH6179	ICM0039_SAG.1_Telonemia	Sample used for final dataset	2018-05-08
PRJEB108838	ERS29379376	AH6181	ICM0040_SAG.1_Picozoa	Sample used for final dataset	2018-05-08
PRJEB108838	ERS29379377	P1_05	ICM0041_COSAG.1_Chlorarachnea	Sample used for final dataset	2020-09-15
PRJEB108838	ERS29379378	P1_17	ICM0041_COSAG.1_Chlorarachnea	Sample used for final dataset	2020-09-15
PRJEB108838	ERS29379379	P1_39	ICM0041_COSAG.1_Chlorarachnea	Sample not used for final dataset	2020-09-15
PRJEB108838	ERS29379380	P1_43	ICM0041_COSAG.1_Chlorarachnea	Sample used for final dataset	2020-09-15
PRJEB108838	ERS29379381	P1_64	ICM0041_COSAG.1_Chlorarachnea	Sample used for final dataset	2020-09-15
PRJEB108838	ERS29379382	P1_83	ICM0041_COSAG.1_Chlorarachnea	Sample used for final dataset	2020-09-15
PRJEB108838	ERS29379383	P1_90	ICM0041_COSAG.1_Chlorarachnea	Sample used for final dataset	2020-09-15
PRJEB108838	ERS29379384	P1_91	ICM0041_COSAG.1_Chlorarachnea	Sample used for final dataset	2020-09-15
PRJEB108838	ERS29379385	P1_93	ICM0041_COSAG.1_Chlorarachnea	Sample not used for final dataset	2020-09-15
PRJEB108838	ERS29379386	P2_05	ICM0041_COSAG.1_Chlorarachnea	Sample used for final dataset	2020-09-15
PRJEB108838	ERS29379387	P2_06	ICM0041_COSAG.1_Chlorarachnea	Sample used for final dataset	2020-09-15
PRJEB108838	ERS29379388	P2_10	ICM0041_COSAG.1_Chlorarachnea	Sample not used for final dataset	2020-09-15
PRJEB108838	ERS29379389	P2_15	ICM0041_COSAG.1_Chlorarachnea	Sample used for final dataset	2020-09-15
PRJEB108838	ERS29379390	P2_29	ICM0041_COSAG.1_Chlorarachnea	Sample used for final dataset	2020-09-15
PRJEB108838	ERS29379391	P2_31	ICM0041_COSAG.1_Chlorarachnea	Sample used for final dataset	2020-09-15
PRJEB108838	ERS29379392	P2_33	ICM0041_COSAG.1_Chlorarachnea	Sample used for final dataset	2020-09-15
PRJEB108838	ERS29379393	P2_37	ICM0041_COSAG.1_Chlorarachnea	Sample used for final dataset	2020-09-15
PRJEB108838	ERS29379394	P2_39	ICM0041_COSAG.1_Chlorarachnea	Sample not used for final dataset	2020-09-15
PRJEB108838	ERS29379395	P2_40	ICM0041_COSAG.1_Chlorarachnea	Sample used for final dataset	2020-09-15
PRJEB108838	ERS29379396	P2_48	ICM0041_COSAG.1_Chlorarachnea	Sample used for final dataset	2020-09-15
PRJEB108838	ERS29379397	P2_51	ICM0041_COSAG.1_Chlorarachnea	Sample used for final dataset	2020-09-15
PRJEB108838	ERS29379398	P2_64	ICM0041_COSAG.1_Chlorarachnea	Sample not used for final dataset	2020-09-15
PRJEB108838	ERS29379399	P2_65	ICM0041_COSAG.1_Chlorarachnea	Sample not used for final dataset	2020-09-15
PRJEB108838	ERS29379400	P2_80	ICM0041_COSAG.1_Chlorarachnea	Sample used for final dataset	2020-09-15
PRJEB108838	ERS29379401	P2_81	ICM0041_COSAG.1_Chlorarachnea	Sample used for final dataset	2020-09-15
PRJEB108838	ERS29379402	P2_85	ICM0041_COSAG.1_Chlorarachnea	Sample not used for final dataset	2020-09-15
PRJEB108838	ERS29379403	P2_86	ICM0041_COSAG.1_Chlorarachnea	Sample not used for final dataset	2020-09-15
PRJEB108838	ERS29379404	P2_94	ICM0041_COSAG.1_Chlorarachnea	Sample used for final dataset	2020-09-15
PRJEB108838	ERS29379405	P3_03	ICM0041_COSAG.1_Chlorarachnea	Sample not used for final dataset	2020-09-15
PRJEB108838	ERS29379406	P3_04	ICM0041_COSAG.1_Chlorarachnea	Sample used for final dataset	2020-09-15
PRJEB108838	ERS29379407	P3_11	ICM0041_COSAG.1_Chlorarachnea	Sample not used for final dataset	2020-09-15
PRJEB108838	ERS29379408	P3_13	ICM0041_COSAG.1_Chlorarachnea	Sample used for final dataset	2020-09-15
PRJEB108838	ERS29379409	GC1003827_E10_1	ICM0042_COSAG.1_MAST-4	Sample used for final dataset	2020-09-15
PRJEB108838	ERS29379410	GC1003827_E10_2	ICM0042_COSAG.1_MAST-4	Sample used for final dataset	2020-09-15
PRJEB108838	ERS29379411	GC1003837_A07	ICM0042_COSAG.1_MAST-4	Sample used for final dataset	2020-09-15
PRJEB108838	ERS29379412	P1_14	ICM0042_COSAG.1_MAST-4	Sample used for final dataset	2020-09-15
PRJEB108838	ERS29379413	P1_27	ICM0042_COSAG.1_MAST-4	Sample used for final dataset	2020-09-15
PRJEB108838	ERS29379414	P1_29	ICM0042_COSAG.1_MAST-4	Sample used for final dataset	2020-09-15
PRJEB108838	ERS29379415	P1_33	ICM0042_COSAG.1_MAST-4	Sample used for final dataset	2020-09-15
PRJEB108838	ERS29379416	P1_47	ICM0042_COSAG.1_MAST-4	Sample used for final dataset	2020-09-15
PRJEB108838	ERS29379417	P1_19	ICM0043_COSAG.1_MAST-7	Sample used for final dataset	2020-09-15
PRJEB108838	ERS29379418	P2_35	ICM0043_COSAG.1_MAST-7	Sample used for final dataset	2020-09-15
PRJEB108838	ERS29379419	P3_02	ICM0043_COSAG.1_MAST-7	Sample used for final dataset	2020-09-15
PRJEB108838	ERS29379420	P1_35	ICM0044_SAG.1_Labyrinthulomycetes	Sample used for final dataset	2020-09-15
PRJEB108838	ERS29379421	GC1003827_G01_1	ICM0045_COSAG.1_MAST-3	Sample used for final dataset	2020-09-15
PRJEB108838	ERS29379422	GC1003827_G01_2	ICM0045_COSAG.1_MAST-3	Sample used for final dataset	2020-09-15
PRJEB108838	ERS29379423	P1_38	ICM0045_COSAG.1_MAST-3	Sample used for final dataset	2020-09-15
PRJEB108838	ERS29379424	P1_46	ICM0046_SAG.1_MAST-3	Sample used for final dataset	2020-09-15
PRJEB108838	ERS29379425	P1_49	ICM0047_SAG.1_Endomyxa	Sample used for final dataset	2020-09-15
PRJEB108838	ERS29379426	GC1003828_A02_1	ICM0048_COSAG.1_Chrysophyceae	Sample used for final dataset	2020-09-15
PRJEB108838	ERS29379427	GC1003828_A02_2	ICM0048_COSAG.1_Chrysophyceae	Sample used for final dataset	2020-09-15
PRJEB108838	ERS29379428	P1_53	ICM0048_COSAG.1_Chrysophyceae	Sample used for final dataset	2020-09-15
PRJEB108838	ERS29379429	P3_29	ICM0048_COSAG.1_Chrysophyceae	Sample used for final dataset	2020-09-15
PRJEB108838	ERS29379430	P4_25	ICM0048_COSAG.1_Chrysophyceae	Sample used for final dataset	2020-09-15
PRJEB108838	ERS29379431	P1_60	ICM0049_SAG.1_MAST-7	Sample used for final dataset	2020-09-15
PRJEB108838	ERS29379432	P2_59	ICM0050_SAG.1_MAST-7	Sample used for final dataset	2020-09-15
PRJEB108838	ERS29379433	P1_65	ICM0051_COSAG.1_MAST-3	Sample used for final dataset	2020-09-15
PRJEB108838	ERS29379434	P2_04	ICM0051_COSAG.1_MAST-3	Sample used for final dataset	2020-09-15
PRJEB108838	ERS29379435	GC1003827_F05_1	ICM0052_COSAG.1_MAST-7	Sample used for final dataset	2020-09-15
PRJEB108838	ERS29379436	GC1003827_F05_2	ICM0052_COSAG.1_MAST-7	Sample used for final dataset	2020-09-15
PRJEB108838	ERS29379437	GC1003837_C03	ICM0052_COSAG.1_MAST-7	Sample not used for final dataset	2020-09-15
PRJEB108838	ERS29379438	P1_84	ICM0052_COSAG.1_MAST-7	Sample used for final dataset	2020-09-15
PRJEB108838	ERS29379439	P2_69	ICM0052_COSAG.1_MAST-7	Sample used for final dataset	2020-09-15
PRJEB108838	ERS29379440	P2_45	ICM0053_COSAG.1_Chrysophyceae	Sample used for final dataset	2020-09-15
PRJEB108838	ERS29379441	P4_44	ICM0053_COSAG.1_Chrysophyceae	Sample used for final dataset	2020-09-15
PRJEB108838	ERS29379442	P4_57	ICM0053_COSAG.1_Chrysophyceae	Sample used for final dataset	2020-09-15
PRJEB108838	ERS29379443	GC1003827_G04_1	ICM0054_COSAG.1_Labyrinthulomycetes	Sample used for final dataset	2020-09-15
PRJEB108838	ERS29379444	GC1003827_G04_2	ICM0054_COSAG.1_Labyrinthulomycetes	Sample used for final dataset	2020-09-15
PRJEB108838	ERS29379445	P1_92	ICM0054_COSAG.1_Labyrinthulomycetes	Sample used for final dataset	2020-09-15
PRJEB108838	ERS29379446	P2_01	ICM0055_SAG.1_Picozoa	Sample used for final dataset	2020-09-15
PRJEB108838	ERS29379447	P2_58	ICM0056_SAG.1_Choanoflagellata	Sample used for final dataset	2020-09-15
PRJEB108838	ERS29379448	P2_78	ICM0057_COSAG.1_Unknown	Sample used for final dataset	2020-09-15
PRJEB108838	ERS29379449	P2_89	ICM0057_COSAG.1_Unknown	Sample used for final dataset	2020-09-15
PRJEB108838	ERS29379450	P2_79	ICM0058_SAG.1_Cercozoa	Sample used for final dataset	2020-09-15
PRJEB108838	ERS29379451	P2_82	ICM0059_SAG.1_MAST-7	Sample used for final dataset	2020-09-15
PRJEB108838	ERS29379452	P2_92	ICM0060_SAG.1_MAST-1	Sample used for final dataset	2020-09-15
PRJEB108838	ERS29379453	P3_10	ICM0061_SAG.1_Basidiomycota	Sample used for final dataset	2020-09-15
PRJEB108838	ERS29379454	P3_15	ICM0062_COSAG.1_Mamiellophyceae	Sample used for final dataset	2020-09-15
PRJEB108838	ERS29379455	P3_21	ICM0062_COSAG.1_Mamiellophyceae	Sample used for final dataset	2020-09-15
PRJEB108838	ERS29379456	P3_31	ICM0062_COSAG.1_Mamiellophyceae	Sample used for final dataset	2020-09-15
PRJEB108838	ERS29379457	P3_38	ICM0062_COSAG.1_Mamiellophyceae	Sample used for final dataset	2020-09-15
PRJEB108838	ERS29379458	P3_40	ICM0062_COSAG.1_Mamiellophyceae	Sample used for final dataset	2020-09-15
PRJEB108838	ERS29379459	P3_46	ICM0062_COSAG.1_Mamiellophyceae	Sample used for final dataset	2020-09-15
PRJEB108838	ERS29379460	P3_51	ICM0062_COSAG.1_Mamiellophyceae	Sample used for final dataset	2020-09-15
PRJEB108838	ERS29379461	P3_63	ICM0062_COSAG.1_Mamiellophyceae	Sample used for final dataset	2020-09-15
PRJEB108838	ERS29379462	P3_66	ICM0062_COSAG.1_Mamiellophyceae	Sample used for final dataset	2020-09-15
PRJEB108838	ERS29379463	P3_71	ICM0062_COSAG.1_Mamiellophyceae	Sample used for final dataset	2020-09-15
PRJEB108838	ERS29379464	P3_94	ICM0062_COSAG.1_Mamiellophyceae	Sample used for final dataset	2020-09-15
PRJEB108838	ERS29379465	P4_02	ICM0062_COSAG.1_Mamiellophyceae	Sample used for final dataset	2020-09-15
PRJEB108838	ERS29379466	P4_09	ICM0062_COSAG.1_Mamiellophyceae	Sample used for final dataset	2020-09-15
PRJEB108838	ERS29379467	P4_15	ICM0062_COSAG.1_Mamiellophyceae	Sample used for final dataset	2020-09-15
PRJEB108838	ERS29379468	P4_24	ICM0062_COSAG.1_Mamiellophyceae	Sample used for final dataset	2020-09-15
PRJEB108838	ERS29379469	P4_31	ICM0062_COSAG.1_Mamiellophyceae	Sample used for final dataset	2020-09-15
PRJEB108838	ERS29379470	P4_35	ICM0062_COSAG.1_Mamiellophyceae	Sample used for final dataset	2020-09-15
PRJEB108838	ERS29379471	P4_39	ICM0062_COSAG.1_Mamiellophyceae	Sample used for final dataset	2020-09-15
PRJEB108838	ERS29379472	P4_49	ICM0062_COSAG.1_Mamiellophyceae	Sample used for final dataset	2020-09-15
PRJEB108838	ERS29379473	P4_62	ICM0062_COSAG.1_Mamiellophyceae	Sample used for final dataset	2020-09-15
PRJEB108838	ERS29379474	P4_66	ICM0062_COSAG.1_Mamiellophyceae	Sample not used for final dataset	2020-09-15
PRJEB108838	ERS29379475	P4_68	ICM0062_COSAG.1_Mamiellophyceae	Sample used for final dataset	2020-09-15
PRJEB108838	ERS29379476	P4_69	ICM0062_COSAG.1_Mamiellophyceae	Sample used for final dataset	2020-09-15
PRJEB108838	ERS29379477	P4_72	ICM0062_COSAG.1_Mamiellophyceae	Sample used for final dataset	2020-09-15
PRJEB108838	ERS29379478	P4_73	ICM0062_COSAG.1_Mamiellophyceae	Sample used for final dataset	2020-09-15
PRJEB108838	ERS29379479	P3_18	ICM0063_COSAG.1_Mamiellophyceae	Sample used for final dataset	2020-09-15
PRJEB108838	ERS29379480	P3_34	ICM0063_COSAG.1_Mamiellophyceae	Sample used for final dataset	2020-09-15
PRJEB108838	ERS29379481	P3_37	ICM0063_COSAG.1_Mamiellophyceae	Sample used for final dataset	2020-09-15
PRJEB108838	ERS29379482	P3_41	ICM0063_COSAG.1_Mamiellophyceae	Sample used for final dataset	2020-09-15
PRJEB108838	ERS29379483	P3_52	ICM0063_COSAG.1_Mamiellophyceae	Sample used for final dataset	2020-09-15
PRJEB108838	ERS29379484	P3_84	ICM0063_COSAG.1_Mamiellophyceae	Sample used for final dataset	2020-09-15
PRJEB108838	ERS29379485	P4_59	ICM0063_COSAG.1_Mamiellophyceae	Sample used for final dataset	2020-09-15
PRJEB108838	ERS29379486	P3_57	ICM0064_SAG.1_Mamiellophyceae	Sample used for final dataset	2020-09-15
PRJEB108838	ERS29379487	P3_20	ICM0065_COSAG.1_Prymnesiophyceae	Sample used for final dataset	2020-09-15
PRJEB108838	ERS29379488	P3_44	ICM0065_COSAG.1_Prymnesiophyceae	Sample used for final dataset	2020-09-15
PRJEB108838	ERS29379489	P3_60	ICM0065_COSAG.1_Prymnesiophyceae	Sample used for final dataset	2020-09-15
PRJEB108838	ERS29379490	P3_83	ICM0065_COSAG.1_Prymnesiophyceae	Sample used for final dataset	2020-09-15
PRJEB108838	ERS29379491	P3_87	ICM0065_COSAG.1_Prymnesiophyceae	Sample used for final dataset	2020-09-15
PRJEB108838	ERS29379492	P3_88	ICM0065_COSAG.1_Prymnesiophyceae	Sample used for final dataset	2020-09-15
PRJEB108838	ERS29379493	P3_92	ICM0065_COSAG.1_Prymnesiophyceae	Sample used for final dataset	2020-09-15
PRJEB108838	ERS29379494	P4_33	ICM0065_COSAG.1_Prymnesiophyceae	Sample used for final dataset	2020-09-15
PRJEB108838	ERS29379495	P4_85	ICM0065_COSAG.1_Prymnesiophyceae	Sample used for final dataset	2020-09-15
PRJEB108838	ERS29379496	P3_24	ICM0066_SAG.1_Pinguiophyceae	Sample used for final dataset	2020-09-15
PRJEB108838	ERS29379497	GC1003828_A09_1	ICM0067_COSAG.1_Diatomea	Sample used for final dataset	2020-09-15
PRJEB108838	ERS29379498	GC1003828_A09_2	ICM0067_COSAG.1_Diatomea	Sample used for final dataset	2020-09-15
PRJEB108838	ERS29379499	GC1003828_B10_1	ICM0067_COSAG.1_Diatomea	Sample used for final dataset	2020-09-15
PRJEB108838	ERS29379500	GC1003828_B10_2	ICM0067_COSAG.1_Diatomea	Sample used for final dataset	2020-09-15
PRJEB108838	ERS29379501	P3_27	ICM0067_COSAG.1_Diatomea	Sample used for final dataset	2020-09-15
PRJEB108838	ERS29379502	P4_43	ICM0068_COSAG.1_Diatomea	Sample used for final dataset	2020-09-15
PRJEB108838	ERS29379503	P4_55	ICM0068_COSAG.1_Diatomea	Sample used for final dataset	2020-09-15
PRJEB108838	ERS29379504	P3_35	ICM0069_SAG.1_Dictyochophyceae	Sample used for final dataset	2020-09-15
PRJEB108838	ERS29379505	P3_49	ICM0070_SAG.1_Chrysophyceae	Sample used for final dataset	2020-09-15
PRJEB108838	ERS29379506	P3_53	ICM0071_SAG.1_Prymnesiophyceae	Sample used for final dataset	2020-09-15
PRJEB108838	ERS29379507	P3_54	ICM0072_SAG.1_Prymnesiophyceae	Sample used for final dataset	2020-09-15
PRJEB108838	ERS29379508	P3_62	ICM0073_SAG.1_Mamiellophyceae	Sample used for final dataset	2020-09-15
PRJEB108838	ERS29379509	P3_64	ICM0074_SAG.1_Diatomea	Sample used for final dataset	2020-09-15
PRJEB108838	ERS29379510	P3_68	ICM0075_COSAG.1_MOCH-2	Sample used for final dataset	2020-09-15
PRJEB108838	ERS29379511	P4_54	ICM0075_COSAG.1_MOCH-2	Sample used for final dataset	2020-09-15
PRJEB108838	ERS29379512	P4_82	ICM0075_COSAG.1_MOCH-2	Sample used for final dataset	2020-09-15
PRJEB108838	ERS29379513	P3_70	ICM0076_COSAG.1_Chlorodendrophyceae	Sample used for final dataset	2020-09-15
PRJEB108838	ERS29379514	P3_72	ICM0076_COSAG.1_Chlorodendrophyceae	Sample used for final dataset	2020-09-15
PRJEB108838	ERS29379515	P4_77	ICM0076_COSAG.1_Chlorodendrophyceae	Sample used for final dataset	2020-09-15
PRJEB108838	ERS29379516	P3_75	ICM0077_COSAG.1_Mamiellophyceae	Sample used for final dataset	2020-09-15
PRJEB108838	ERS29379517	P3_89	ICM0077_COSAG.1_Mamiellophyceae	Sample used for final dataset	2020-09-15
PRJEB108838	ERS29379518	P4_01	ICM0077_COSAG.1_Mamiellophyceae	Sample used for final dataset	2020-09-15
PRJEB108838	ERS29379519	P4_13	ICM0077_COSAG.1_Mamiellophyceae	Sample used for final dataset	2020-09-15
PRJEB108838	ERS29379520	P4_45	ICM0077_COSAG.1_Mamiellophyceae	Sample used for final dataset	2020-09-15
PRJEB108838	ERS29379521	P4_48	ICM0077_COSAG.1_Mamiellophyceae	Sample used for final dataset	2020-09-15
PRJEB108838	ERS29379522	P4_65	ICM0077_COSAG.1_Mamiellophyceae	Sample used for final dataset	2020-09-15
PRJEB108838	ERS29379523	P4_84	ICM0077_COSAG.1_Mamiellophyceae	Sample used for final dataset	2020-09-15
PRJEB108838	ERS29379524	P3_79	ICM0078_COSAG.1_Prymnesiophyceae	Sample used for final dataset	2020-09-15
PRJEB108838	ERS29379525	P4_17	ICM0078_COSAG.1_Prymnesiophyceae	Sample used for final dataset	2020-09-15
PRJEB108838	ERS29379526	P3_82	ICM0079_COSAG.1_Chrysophyceae	Sample used for final dataset	2020-09-15
PRJEB108838	ERS29379527	P4_20	ICM0079_COSAG.1_Chrysophyceae	Sample used for final dataset	2020-09-15
PRJEB108838	ERS29379528	P4_80	ICM0079_COSAG.1_Chrysophyceae	Sample used for final dataset	2020-09-15
PRJEB108838	ERS29379529	P3_86	ICM0080_SAG.1_Chrysophyceae	Sample used for final dataset	2020-09-15
PRJEB108838	ERS29379530	P4_03	ICM0081_SAG.1_MAST-12	Sample used for final dataset	2020-09-15
PRJEB108838	ERS29379531	GC1003837_C04	ICM0082_COSAG.1_Prymnesiophyceae	Sample not used for final dataset	2020-09-15
PRJEB108838	ERS29379532	P3_55	ICM0082_COSAG.1_Prymnesiophyceae	Sample used for final dataset	2020-09-15
PRJEB108838	ERS29379533	P4_06	ICM0082_COSAG.1_Prymnesiophyceae	Sample used for final dataset	2020-09-15
PRJEB108838	ERS29379534	P4_14	ICM0083_SAG.1_Prymnesiophyceae	Sample used for final dataset	2020-09-15
PRJEB108838	ERS29379535	P4_16	ICM0084_SAG.1_Prymnesiophyceae	Sample used for final dataset	2020-09-15
PRJEB108838	ERS29379536	P4_19	ICM0085_SAG.1_Chrysophyceae	Sample used for final dataset	2020-09-15
PRJEB108838	ERS29379537	P4_22	ICM0086_SAG.1_Chrysophyceae	Sample used for final dataset	2020-09-15
PRJEB108838	ERS29379538	P4_28	ICM0087_SAG.1_Diatomea	Sample used for final dataset	2020-09-15
PRJEB108838	ERS29379539	P4_36	ICM0088_SAG.1_Mamiellophyceae	Sample used for final dataset	2020-09-15
PRJEB108838	ERS29379540	P4_38	ICM0089_SAG.1_Prymnesiophyceae	Sample used for final dataset	2020-09-15
PRJEB108838	ERS29379541	P4_41	ICM0090_SAG.1_Mamiellophyceae	Sample used for final dataset	2020-09-15
PRJEB108838	ERS29379542	GC1003828_A01_1	ICM0091_COSAG.1_Bolidophyceae	Sample used for final dataset	2020-09-15
PRJEB108838	ERS29379543	GC1003828_A01_2	ICM0091_COSAG.1_Bolidophyceae	Sample used for final dataset	2020-09-15
PRJEB108838	ERS29379544	P4_42	ICM0091_COSAG.1_Bolidophyceae	Sample used for final dataset	2020-09-15
PRJEB108838	ERS29379545	P4_47	ICM0091_COSAG.1_Bolidophyceae	Sample used for final dataset	2020-09-15
PRJEB108838	ERS29379546	P4_46	ICM0092_COSAG.1_Chrysophyceae	Sample used for final dataset	2020-09-15
PRJEB108838	ERS29379547	P4_63	ICM0092_COSAG.1_Chrysophyceae	Sample used for final dataset	2020-09-15
PRJEB108838	ERS29379548	P4_71	ICM0092_COSAG.1_Chrysophyceae	Sample used for final dataset	2020-09-15
PRJEB108838	ERS29379549	P4_83	ICM0092_COSAG.1_Chrysophyceae	Sample used for final dataset	2020-09-15
PRJEB108838	ERS29379550	P4_56	ICM0093_SAG.1_Chlorophyta	Sample used for final dataset	2020-09-15
PRJEB108838	ERS29379551	P4_58	ICM0094_SAG.1_Centroplasthelida	Sample used for final dataset	2020-09-15
PRJEB108838	ERS29379552	P4_75	ICM0095_COSAG.1_Centroplasthelida	Sample used for final dataset	2020-09-15
PRJEB108838	ERS29379553	P4_86	ICM0095_COSAG.1_Centroplasthelida	Sample used for final dataset	2020-09-15
PRJEB108838	ERS29379554	P4_78	ICM0096_SAG.1_Mamiellophyceae	Sample used for final dataset	2020-09-15
PRJEB108838	ERS29379555	P4_79	ICM0097_SAG.1_Diatomea	Sample used for final dataset	2020-09-15
PRJEB108838	ERS29379556	P4_81	ICM0098_SAG.1_Chrysophyceae	Sample used for final dataset	2020-09-15
PRJEB108838	ERS29379557	P3_17	ICM0099_SAG.1_Prymnesiophyceae	Sample used for final dataset	2020-09-15
PRJEB108838	ERS29379558	P3_22	ICM0100_SAG.1_Prymnesiophyceae	Sample used for final dataset	2020-09-15
PRJEB108838	ERS29379559	P3_25	ICM0101_COSAG.1_Prymnesiophyceae	Sample used for final dataset	2020-09-15
PRJEB108838	ERS29379560	P3_56	ICM0101_COSAG.1_Prymnesiophyceae	Sample used for final dataset	2020-09-15
PRJEB108838	ERS29379561	P4_27	ICM0101_COSAG.1_Prymnesiophyceae	Sample used for final dataset	2020-09-15
PRJEB108838	ERS29379562	P3_28	ICM0102_SAG.1_Prymnesiophyceae	Sample used for final dataset	2020-09-15
PRJEB108838	ERS29379563	P3_30	ICM0103_SAG.1_Prymnesiophyceae	Sample used for final dataset	2020-09-15
PRJEB108838	ERS29379564	P3_33	ICM0104_SAG.1_Prymnesiophyceae	Sample used for final dataset	2020-09-15
PRJEB108838	ERS29379565	P3_36	ICM0105_SAG.1_Prymnesiophyceae	Sample used for final dataset	2020-09-15
PRJEB108838	ERS29379566	P3_39	ICM0106_COSAG.1_Prymnesiophyceae	Sample used for final dataset	2020-09-15
PRJEB108838	ERS29379567	P3_95	ICM0106_COSAG.1_Prymnesiophyceae	Sample used for final dataset	2020-09-15
PRJEB108838	ERS29379568	P3_42	ICM0107_COSAG.1_Prymnesiophyceae	Sample used for final dataset	2020-09-15
PRJEB108838	ERS29379569	P4_18	ICM0107_COSAG.1_Prymnesiophyceae	Sample used for final dataset	2020-09-15
PRJEB108838	ERS29379570	P3_48	ICM0108_SAG.1_Prymnesiophyceae	Sample used for final dataset	2020-09-15
PRJEB108838	ERS29379571	P3_50	ICM0109_SAG.1_Prymnesiophyceae	Sample used for final dataset	2020-09-15
PRJEB108838	ERS29379572	P3_58	ICM0110_SAG.1_Prymnesiophyceae	Sample used for final dataset	2020-09-15
PRJEB108838	ERS29379573	P3_59	ICM0111_SAG.1_Prymnesiophyceae	Sample used for final dataset	2020-09-15
PRJEB108838	ERS29379574	P3_61	ICM0112_SAG.1_Prymnesiophyceae	Sample used for final dataset	2020-09-15
PRJEB108838	ERS29379575	P3_65	ICM0113_SAG.1_Prymnesiophyceae	Sample used for final dataset	2020-09-15
PRJEB108838	ERS29379576	P3_69	ICM0114_SAG.1_Prymnesiophyceae	Sample used for final dataset	2020-09-15
PRJEB108838	ERS29379577	P3_73	ICM0115_COSAG.1_Prymnesiophyceae	Sample used for final dataset	2020-09-15
PRJEB108838	ERS29379578	P4_23	ICM0115_COSAG.1_Prymnesiophyceae	Sample used for final dataset	2020-09-15
PRJEB108838	ERS29379579	P3_85	ICM0116_SAG.1_Prymnesiophyceae	Sample used for final dataset	2020-09-15
PRJEB108838	ERS29379580	P3_90	ICM0117_SAG.1_Prymnesiophyceae	Sample used for final dataset	2020-09-15
PRJEB108838	ERS29379581	P3_96	ICM0118_SAG.1_Prymnesiophyceae	Sample used for final dataset	2020-09-15
PRJEB108838	ERS29379582	P4_04	ICM0119_SAG.1_Dinoflagellata	Sample used for final dataset	2020-09-15
PRJEB108838	ERS29379583	P4_05	ICM0120_COSAG.1_Prymnesiophyceae	Sample used for final dataset	2020-09-15
PRJEB108838	ERS29379584	P4_37	ICM0120_COSAG.1_Prymnesiophyceae	Sample used for final dataset	2020-09-15
PRJEB108838	ERS29379585	P4_10	ICM0121_SAG.1_Prymnesiophyceae	Sample used for final dataset	2020-09-15
PRJEB108838	ERS29379586	P4_11	ICM0122_COSAG.1_Prymnesiophyceae	Sample used for final dataset	2020-09-15
PRJEB108838	ERS29379587	P4_21	ICM0122_COSAG.1_Prymnesiophyceae	Sample used for final dataset	2020-09-15
PRJEB108838	ERS29379588	P4_32	ICM0123_SAG.1_Prymnesiophyceae	Sample used for final dataset	2020-09-15
PRJEB108838	ERS29379589	P4_34	ICM0124_SAG.1_Prymnesiophyceae	Sample used for final dataset	2020-09-15
PRJEB108838	ERS29379590	P4_40	ICM0125_SAG.1_Prymnesiophyceae	Sample used for final dataset	2020-09-15
PRJEB108838	ERS29379591	P4_50	ICM0126_SAG.1_Prymnesiophyceae	Sample used for final dataset	2020-09-15
PRJEB108838	ERS29379592	P4_61	ICM0127_SAG.1_Prymnesiophyceae	Sample used for final dataset	2020-09-15
PRJEB108838	ERS29379593	P4_64	ICM0128_SAG.1_Prymnesiophyceae	Sample used for final dataset	2020-09-15
PRJEB108838	ERS29379594	P4_67	ICM0129_SAG.1_Prymnesiophyceae	Sample used for final dataset	2020-09-15
PRJEB108838	ERS29379595	P4_70	ICM0130_SAG.1_Prymnesiophyceae	Sample used for final dataset	2020-09-15
PRJEB108838	ERS29379596	P4_74	ICM0131_SAG.1_Prymnesiophyceae	Sample used for final dataset	2020-09-15
PRJEB108838	ERS29379597	P4_87	ICM0132_SAG.1_Prymnesiophyceae	Sample used for final dataset	2020-09-15
PRJEB108838	ERS29379598	GC1003827_B05_1	ICM0133_SAG.1_Kinetoplastea	Sample used for final dataset	2020-09-15
PRJEB108838	ERS29379599	GC1003827_B05_2	ICM0133_SAG.1_Kinetoplastea	Sample used for final dataset	2020-09-15
PRJEB108838	ERS29379600	GC1003827_C11_1	ICM0134_COSAG.1_MAST-7	Sample used for final dataset	2020-09-15
PRJEB108838	ERS29379601	GC1003827_C11_2	ICM0134_COSAG.1_MAST-7	Sample used for final dataset	2020-09-15
PRJEB108838	ERS29379602	GC1003827_D03_1	ICM0134_COSAG.1_MAST-7	Sample used for final dataset	2020-09-15
PRJEB108838	ERS29379603	GC1003827_D03_2	ICM0134_COSAG.1_MAST-7	Sample used for final dataset	2020-09-15
PRJEB108838	ERS29379604	GC1003827_D04_1	ICM0135_SAG.1_Cercozoa	Sample used for final dataset	2020-09-15
PRJEB108838	ERS29379605	GC1003827_D04_2	ICM0135_SAG.1_Cercozoa	Sample used for final dataset	2020-09-15
PRJEB108838	ERS29379606	GC1003827_D12_1	ICM0136_SAG.1_MAST-3	Sample used for final dataset	2020-09-15
PRJEB108838	ERS29379607	GC1003827_D12_2	ICM0136_SAG.1_MAST-3	Sample used for final dataset	2020-09-15
PRJEB108838	ERS29379608	GC1003827_E11_1	ICM0137_SAG.1_Tunicaraptor	Sample used for final dataset	2020-09-15
PRJEB108838	ERS29379609	GC1003827_E11_2	ICM0137_SAG.1_Tunicaraptor	Sample used for final dataset	2020-09-15
PRJEB108838	ERS29379610	GC1003827_E12_1	ICM0138_SAG.1_MAST-9	Sample used for final dataset	2020-09-15
PRJEB108838	ERS29379611	GC1003827_E12_2	ICM0138_SAG.1_MAST-9	Sample used for final dataset	2020-09-15
PRJEB108838	ERS29379612	GC1003828_A07_1	ICM0139_SAG.1_Chlorarachnea	Sample used for final dataset	2020-09-15
PRJEB108838	ERS29379613	GC1003828_A07_2	ICM0139_SAG.1_Chlorarachnea	Sample used for final dataset	2020-09-15
PRJEB108838	ERS29379614	GC1003828_A08_1	ICM0140_COSAG.1_Chlorodendrophyceae	Sample used for final dataset	2020-09-15
PRJEB108838	ERS29379615	GC1003828_A08_2	ICM0140_COSAG.1_Chlorodendrophyceae	Sample used for final dataset	2020-09-15
PRJEB108838	ERS29379616	GC1003828_B07_1	ICM0140_COSAG.1_Chlorodendrophyceae	Sample used for final dataset	2020-09-15
PRJEB108838	ERS29379617	GC1003828_B07_2	ICM0140_COSAG.1_Chlorodendrophyceae	Sample used for final dataset	2020-09-15
PRJEB108838	ERS29379618	GC1003828_B05_1	ICM0141_SAG.1_Diatomea	Sample used for final dataset	2020-09-15
PRJEB108838	ERS29379619	GC1003828_B05_2	ICM0141_SAG.1_Diatomea	Sample used for final dataset	2020-09-15
PRJEB108838	ERS29379620	GC1003828_B06_1	ICM0142_SAG.1_Prymnesiophyceae	Sample used for final dataset	2020-09-15
PRJEB108838	ERS29379621	GC1003828_B06_2	ICM0142_SAG.1_Prymnesiophyceae	Sample used for final dataset	2020-09-15
PRJEB108838	ERS29379622	GC1003837_A04	ICM0143_SAG.1_Choanoflagellata	Sample used for final dataset	2020-09-15
PRJEB108838	ERS29379623	GC1003837_B04	ICM0144_SAG.1_MAST-3	Sample used for final dataset	2020-09-15
PRJEB108838	ERS29379624	GC1003837_B07	ICM0145_SAG.1_Choanoflagellata	Sample used for final dataset	2020-09-15
PRJEB108838	ERS29379625	GC1003837_C01	ICM0146_SAG.1_Ciliophora	Sample used for final dataset	2020-09-15
PRJEB108838	ERS29379626	GC1003838_B04	ICM0147_SAG.1_Picozoa	Sample used for final dataset	2020-09-15
PRJEB108838	ERS29379627	AH2979	discarded	Discarded sample	2018-05-08
PRJEB108838	ERS29379628	AH2982	discarded	Discarded sample	2018-05-08
PRJEB108838	ERS29379629	AH2983	discarded	Discarded sample	2018-05-08
PRJEB108838	ERS29379630	AH2995	discarded	Discarded sample	2018-05-08
PRJEB108838	ERS29379631	AH3003	discarded	Discarded sample	2018-05-08
PRJEB108838	ERS29379632	AH3004	discarded	Discarded sample	2018-05-08
PRJEB108838	ERS29379633	AH6112	ICM0004_COSAG.1_Prymnesiophyceae	Sample used for final dataset	2018-05-08
PRJEB108838	ERS29379634	AH6114	discarded	Discarded sample	2018-05-08
PRJEB108838	ERS29379635	AH6148	discarded	Discarded sample	2018-05-08
PRJEB108838	ERS29379636	AH6162	discarded	Discarded sample	2018-05-08
PRJEB108838	ERS29379637	AH6164	discarded	Discarded sample	2018-05-08
PRJEB108838	ERS29379638	AH6177	discarded	Discarded sample	2018-05-08
PRJEB108838	ERS29379639	AP7857	discarded	Discarded sample	2020-09-15
PRJEB108838	ERS29379640	AP7858	discarded	Discarded sample	2020-09-15
PRJEB108838	ERS29379641	GC1003827_A03_1	discarded	Discarded sample	2020-09-15
PRJEB108838	ERS29379642	GC1003827_A03_2	discarded	Discarded sample	2020-09-15
PRJEB108838	ERS29379643	GC1003827_A05_1	discarded	Discarded sample	2020-09-15
PRJEB108838	ERS29379644	GC1003827_A05_2	discarded	Discarded sample	2020-09-15
PRJEB108838	ERS29379645	GC1003827_A06_1	discarded	Discarded sample	2020-09-15
PRJEB108838	ERS29379646	GC1003827_A06_2	discarded	Discarded sample	2020-09-15
PRJEB108838	ERS29379647	GC1003827_A07_1	discarded	Discarded sample	2020-09-15
PRJEB108838	ERS29379648	GC1003827_A07_2	discarded	Discarded sample	2020-09-15
PRJEB108838	ERS29379649	GC1003827_A10_1	discarded	Discarded sample	2020-09-15
PRJEB108838	ERS29379650	GC1003827_A10_2	discarded	Discarded sample	2020-09-15
PRJEB108838	ERS29379651	GC1003827_A12_1	discarded	Discarded sample	2020-09-15
PRJEB108838	ERS29379652	GC1003827_A12_2	discarded	Discarded sample	2020-09-15
PRJEB108838	ERS29379653	GC1003827_B04_1	discarded	Discarded sample	2020-09-15
PRJEB108838	ERS29379654	GC1003827_B04_2	discarded	Discarded sample	2020-09-15
PRJEB108838	ERS29379655	GC1003827_B06_1	discarded	Discarded sample	2020-09-15
PRJEB108838	ERS29379656	GC1003827_B06_2	discarded	Discarded sample	2020-09-15
PRJEB108838	ERS29379657	GC1003827_B08_1	discarded	Discarded sample	2020-09-15
PRJEB108838	ERS29379658	GC1003827_B08_2	discarded	Discarded sample	2020-09-15
PRJEB108838	ERS29379659	GC1003827_B10_1	discarded	Discarded sample	2020-09-15
PRJEB108838	ERS29379660	GC1003827_B10_2	discarded	Discarded sample	2020-09-15
PRJEB108838	ERS29379661	GC1003827_B11_1	discarded	Discarded sample	2020-09-15
PRJEB108838	ERS29379662	GC1003827_B11_2	discarded	Discarded sample	2020-09-15
PRJEB108838	ERS29379663	GC1003827_C02_1	discarded	Discarded sample	2020-09-15
PRJEB108838	ERS29379664	GC1003827_C02_2	discarded	Discarded sample	2020-09-15
PRJEB108838	ERS29379665	GC1003827_C08_1	discarded	Discarded sample	2020-09-15
PRJEB108838	ERS29379666	GC1003827_C08_2	discarded	Discarded sample	2020-09-15
PRJEB108838	ERS29379667	GC1003827_C10_1	discarded	Discarded sample	2020-09-15
PRJEB108838	ERS29379668	GC1003827_C10_2	discarded	Discarded sample	2020-09-15
PRJEB108838	ERS29379669	GC1003827_D02_1	discarded	Discarded sample	2020-09-15
PRJEB108838	ERS29379670	GC1003827_D02_2	discarded	Discarded sample	2020-09-15
PRJEB108838	ERS29379671	GC1003827_D05_1	discarded	Discarded sample	2020-09-15
PRJEB108838	ERS29379672	GC1003827_D05_2	discarded	Discarded sample	2020-09-15
PRJEB108838	ERS29379673	GC1003827_D08_1	discarded	Discarded sample	2020-09-15
PRJEB108838	ERS29379674	GC1003827_D08_2	discarded	Discarded sample	2020-09-15
PRJEB108838	ERS29379675	GC1003827_D10_1	discarded	Discarded sample	2020-09-15
PRJEB108838	ERS29379676	GC1003827_D10_2	discarded	Discarded sample	2020-09-15
PRJEB108838	ERS29379677	GC1003827_E01_1	discarded	Discarded sample	2020-09-15
PRJEB108838	ERS29379678	GC1003827_E01_2	discarded	Discarded sample	2020-09-15
PRJEB108838	ERS29379679	GC1003827_E02_1	discarded	Discarded sample	2020-09-15
PRJEB108838	ERS29379680	GC1003827_E02_2	discarded	Discarded sample	2020-09-15
PRJEB108838	ERS29379681	GC1003827_E03_1	discarded	Discarded sample	2020-09-15
PRJEB108838	ERS29379682	GC1003827_E03_2	discarded	Discarded sample	2020-09-15
PRJEB108838	ERS29379683	GC1003827_E05_1	discarded	Discarded sample	2020-09-15
PRJEB108838	ERS29379684	GC1003827_E05_2	discarded	Discarded sample	2020-09-15
PRJEB108838	ERS29379685	GC1003827_E06_1	discarded	Discarded sample	2020-09-15
PRJEB108838	ERS29379686	GC1003827_E06_2	discarded	Discarded sample	2020-09-15
PRJEB108838	ERS29379687	GC1003827_E07_1	discarded	Discarded sample	2020-09-15
PRJEB108838	ERS29379688	GC1003827_E07_2	discarded	Discarded sample	2020-09-15
PRJEB108838	ERS29379689	GC1003827_E08_1	discarded	Discarded sample	2020-09-15
PRJEB108838	ERS29379690	GC1003827_E08_2	discarded	Discarded sample	2020-09-15
PRJEB108838	ERS29379691	GC1003827_F02_1	discarded	Discarded sample	2020-09-15
PRJEB108838	ERS29379692	GC1003827_F02_2	discarded	Discarded sample	2020-09-15
PRJEB108838	ERS29379693	GC1003827_F06_1	discarded	Discarded sample	2020-09-15
PRJEB108838	ERS29379694	GC1003827_F06_2	discarded	Discarded sample	2020-09-15
PRJEB108838	ERS29379695	GC1003827_F09_1	discarded	Discarded sample	2020-09-15
PRJEB108838	ERS29379696	GC1003827_F09_2	discarded	Discarded sample	2020-09-15
PRJEB108838	ERS29379697	GC1003827_G03_1	discarded	Discarded sample	2020-09-15
PRJEB108838	ERS29379698	GC1003827_G03_2	discarded	Discarded sample	2020-09-15
PRJEB108838	ERS29379699	GC1003827_G05_1	discarded	Discarded sample	2020-09-15
PRJEB108838	ERS29379700	GC1003827_G05_2	discarded	Discarded sample	2020-09-15
PRJEB108838	ERS29379701	GC1003827_H05_1	discarded	Discarded sample	2020-09-15
PRJEB108838	ERS29379702	GC1003827_H05_2	discarded	Discarded sample	2020-09-15
PRJEB108838	ERS29379703	GC1003827_H06_1	discarded	Discarded sample	2020-09-15
PRJEB108838	ERS29379704	GC1003827_H06_2	discarded	Discarded sample	2020-09-15
PRJEB108838	ERS29379705	GC1003828_A03_1	discarded	Discarded sample	2020-09-15
PRJEB108838	ERS29379706	GC1003828_A03_2	discarded	Discarded sample	2020-09-15
PRJEB108838	ERS29379707	GC1003828_A04_1	discarded	Discarded sample	2020-09-15
PRJEB108838	ERS29379708	GC1003828_A04_2	discarded	Discarded sample	2020-09-15
PRJEB108838	ERS29379709	GC1003828_A05_1	discarded	Discarded sample	2020-09-15
PRJEB108838	ERS29379710	GC1003828_A05_2	discarded	Discarded sample	2020-09-15
PRJEB108838	ERS29379711	GC1003828_A10_1	discarded	Discarded sample	2020-09-15
PRJEB108838	ERS29379712	GC1003828_A10_2	discarded	Discarded sample	2020-09-15
PRJEB108838	ERS29379713	GC1003828_B02_1	discarded	Discarded sample	2020-09-15
PRJEB108838	ERS29379714	GC1003828_B02_2	discarded	Discarded sample	2020-09-15
PRJEB108838	ERS29379715	GC1003828_B12_1	discarded	Discarded sample	2020-09-15
PRJEB108838	ERS29379716	GC1003828_B12_2	discarded	Discarded sample	2020-09-15
PRJEB108838	ERS29379717	GC1003828_C02_1	discarded	Discarded sample	2020-09-15
PRJEB108838	ERS29379718	GC1003828_C02_2	discarded	Discarded sample	2020-09-15
PRJEB108838	ERS29379719	GC1003837_D04	discarded	Discarded sample	2020-09-15
PRJEB108838	ERS29379720	GC1003838_B12	discarded	Discarded sample	2020-09-15
PRJEB108838	ERS29379721	GC1003838_C01	discarded	Discarded sample	2020-09-15
PRJEB108838	ERS29379722	GC1003838_E03	discarded	Discarded sample	2020-09-15
PRJEB108838	ERS29379723	GC1003838_E06	discarded	Discarded sample	2020-09-15
PRJEB108838	ERS29379724	P1_01	discarded	Discarded sample	2020-09-15
PRJEB108838	ERS29379725	P1_02	discarded	Discarded sample	2020-09-15
PRJEB108838	ERS29379726	P1_03	discarded	Discarded sample	2020-09-15
PRJEB108838	ERS29379727	P1_04	discarded	Discarded sample	2020-09-15
PRJEB108838	ERS29379728	P1_06	discarded	Discarded sample	2020-09-15
PRJEB108838	ERS29379729	P1_07	discarded	Discarded sample	2020-09-15
PRJEB108838	ERS29379730	P1_08	discarded	Discarded sample	2020-09-15
PRJEB108838	ERS29379731	P1_09	discarded	Discarded sample	2020-09-15
PRJEB108838	ERS29379732	P1_10	discarded	Discarded sample	2020-09-15
PRJEB108838	ERS29379733	P1_12	discarded	Discarded sample	2020-09-15
PRJEB108838	ERS29379734	P1_13	discarded	Discarded sample	2020-09-15
PRJEB108838	ERS29379735	P1_15	discarded	Discarded sample	2020-09-15
PRJEB108838	ERS29379736	P1_16	discarded	Discarded sample	2020-09-15
PRJEB108838	ERS29379737	P1_20	discarded	Discarded sample	2020-09-15
PRJEB108838	ERS29379738	P1_21	discarded	Discarded sample	2020-09-15
PRJEB108838	ERS29379739	P1_22	discarded	Discarded sample	2020-09-15
PRJEB108838	ERS29379740	P1_23	discarded	Discarded sample	2020-09-15
PRJEB108838	ERS29379741	P1_24	discarded	Discarded sample	2020-09-15
PRJEB108838	ERS29379742	P1_25	discarded	Discarded sample	2020-09-15
PRJEB108838	ERS29379743	P1_26	discarded	Discarded sample	2020-09-15
PRJEB108838	ERS29379744	P1_28	discarded	Discarded sample	2020-09-15
PRJEB108838	ERS29379745	P1_30	discarded	Discarded sample	2020-09-15
PRJEB108838	ERS29379746	P1_31	discarded	Discarded sample	2020-09-15
PRJEB108838	ERS29379747	P1_32	discarded	Discarded sample	2020-09-15
PRJEB108838	ERS29379748	P1_34	discarded	Discarded sample	2020-09-15
PRJEB108838	ERS29379749	P1_36	discarded	Discarded sample	2020-09-15
PRJEB108838	ERS29379750	P1_37	discarded	Discarded sample	2020-09-15
PRJEB108838	ERS29379751	P1_40	discarded	Discarded sample	2020-09-15
PRJEB108838	ERS29379752	P1_41	discarded	Discarded sample	2020-09-15
PRJEB108838	ERS29379753	P1_42	discarded	Discarded sample	2020-09-15
PRJEB108838	ERS29379754	P1_44	discarded	Discarded sample	2020-09-15
PRJEB108838	ERS29379755	P1_45	discarded	Discarded sample	2020-09-15
PRJEB108838	ERS29379756	P1_48	discarded	Discarded sample	2020-09-15
PRJEB108838	ERS29379757	P1_50	discarded	Discarded sample	2020-09-15
PRJEB108838	ERS29379758	P1_51	discarded	Discarded sample	2020-09-15
PRJEB108838	ERS29379759	P1_52	discarded	Discarded sample	2020-09-15
PRJEB108838	ERS29379760	P1_54	discarded	Discarded sample	2020-09-15
PRJEB108838	ERS29379761	P1_55	discarded	Discarded sample	2020-09-15
PRJEB108838	ERS29379762	P1_56	discarded	Discarded sample	2020-09-15
PRJEB108838	ERS29379763	P1_57	discarded	Discarded sample	2020-09-15
PRJEB108838	ERS29379764	P1_59	discarded	Discarded sample	2020-09-15
PRJEB108838	ERS29379765	P1_61	discarded	Discarded sample	2020-09-15
PRJEB108838	ERS29379766	P1_62	discarded	Discarded sample	2020-09-15
PRJEB108838	ERS29379767	P1_63	discarded	Discarded sample	2020-09-15
PRJEB108838	ERS29379768	P1_66	discarded	Discarded sample	2020-09-15
PRJEB108838	ERS29379769	P1_67	discarded	Discarded sample	2020-09-15
PRJEB108838	ERS29379770	P1_68	discarded	Discarded sample	2020-09-15
PRJEB108838	ERS29379771	P1_69	discarded	Discarded sample	2020-09-15
PRJEB108838	ERS29379772	P1_70	discarded	Discarded sample	2020-09-15
PRJEB108838	ERS29379773	P1_71	discarded	Discarded sample	2020-09-15
PRJEB108838	ERS29379774	P1_72	discarded	Discarded sample	2020-09-15
PRJEB108838	ERS29379775	P1_73	discarded	Discarded sample	2020-09-15
PRJEB108838	ERS29379776	P1_74	discarded	Discarded sample	2020-09-15
PRJEB108838	ERS29379777	P1_75	discarded	Discarded sample	2020-09-15
PRJEB108838	ERS29379778	P1_76	discarded	Discarded sample	2020-09-15
PRJEB108838	ERS29379779	P1_77	discarded	Discarded sample	2020-09-15
PRJEB108838	ERS29379780	P1_78	discarded	Discarded sample	2020-09-15
PRJEB108838	ERS29379781	P1_79	discarded	Discarded sample	2020-09-15
PRJEB108838	ERS29379782	P1_80	discarded	Discarded sample	2020-09-15
PRJEB108838	ERS29379783	P1_81	discarded	Discarded sample	2020-09-15
PRJEB108838	ERS29379784	P1_82	discarded	Discarded sample	2020-09-15
PRJEB108838	ERS29379785	P1_85	discarded	Discarded sample	2020-09-15
PRJEB108838	ERS29379786	P1_86	discarded	Discarded sample	2020-09-15
PRJEB108838	ERS29379787	P1_87	discarded	Discarded sample	2020-09-15
PRJEB108838	ERS29379788	P1_89	discarded	Discarded sample	2020-09-15
PRJEB108838	ERS29379789	P1_94	discarded	Discarded sample	2020-09-15
PRJEB108838	ERS29379790	P1_95	discarded	Discarded sample	2020-09-15
PRJEB108838	ERS29379791	P1_96	discarded	Discarded sample	2020-09-15
PRJEB108838	ERS29379792	P2_02	discarded	Discarded sample	2020-09-15
PRJEB108838	ERS29379793	P2_03	discarded	Discarded sample	2020-09-15
PRJEB108838	ERS29379794	P2_07	discarded	Discarded sample	2020-09-15
PRJEB108838	ERS29379795	P2_08	discarded	Discarded sample	2020-09-15
PRJEB108838	ERS29379796	P2_09	discarded	Discarded sample	2020-09-15
PRJEB108838	ERS29379797	P2_11	discarded	Discarded sample	2020-09-15
PRJEB108838	ERS29379798	P2_12	discarded	Discarded sample	2020-09-15
PRJEB108838	ERS29379799	P2_13	discarded	Discarded sample	2020-09-15
PRJEB108838	ERS29379800	P2_16	discarded	Discarded sample	2020-09-15
PRJEB108838	ERS29379801	P2_17	discarded	Discarded sample	2020-09-15
PRJEB108838	ERS29379802	P2_19	discarded	Discarded sample	2020-09-15
PRJEB108838	ERS29379803	P2_20	discarded	Discarded sample	2020-09-15
PRJEB108838	ERS29379804	P2_21	discarded	Discarded sample	2020-09-15
PRJEB108838	ERS29379805	P2_22	discarded	Discarded sample	2020-09-15
PRJEB108838	ERS29379806	P2_23	discarded	Discarded sample	2020-09-15
PRJEB108838	ERS29379807	P2_24	discarded	Discarded sample	2020-09-15
PRJEB108838	ERS29379808	P2_25	discarded	Discarded sample	2020-09-15
PRJEB108838	ERS29379809	P2_26	discarded	Discarded sample	2020-09-15
PRJEB108838	ERS29379810	P2_27	discarded	Discarded sample	2020-09-15
PRJEB108838	ERS29379811	P2_28	discarded	Discarded sample	2020-09-15
PRJEB108838	ERS29379812	P2_30	discarded	Discarded sample	2020-09-15
PRJEB108838	ERS29379813	P2_32	discarded	Discarded sample	2020-09-15
PRJEB108838	ERS29379814	P2_34	discarded	Discarded sample	2020-09-15
PRJEB108838	ERS29379815	P2_38	discarded	Discarded sample	2020-09-15
PRJEB108838	ERS29379816	P2_41	discarded	Discarded sample	2020-09-15
PRJEB108838	ERS29379817	P2_42	discarded	Discarded sample	2020-09-15
PRJEB108838	ERS29379818	P2_43	discarded	Discarded sample	2020-09-15
PRJEB108838	ERS29379819	P2_44	discarded	Discarded sample	2020-09-15
PRJEB108838	ERS29379820	P2_46	discarded	Discarded sample	2020-09-15
PRJEB108838	ERS29379821	P2_47	discarded	Discarded sample	2020-09-15
PRJEB108838	ERS29379822	P2_49	discarded	Discarded sample	2020-09-15
PRJEB108838	ERS29379823	P2_50	discarded	Discarded sample	2020-09-15
PRJEB108838	ERS29379824	P2_52	discarded	Discarded sample	2020-09-15
PRJEB108838	ERS29379825	P2_53	discarded	Discarded sample	2020-09-15
PRJEB108838	ERS29379826	P2_54	discarded	Discarded sample	2020-09-15
PRJEB108838	ERS29379827	P2_55	discarded	Discarded sample	2020-09-15
PRJEB108838	ERS29379828	P2_56	discarded	Discarded sample	2020-09-15
PRJEB108838	ERS29379829	P2_57	discarded	Discarded sample	2020-09-15
PRJEB108838	ERS29379830	P2_60	discarded	Discarded sample	2020-09-15
PRJEB108838	ERS29379831	P2_61	discarded	Discarded sample	2020-09-15
PRJEB108838	ERS29379832	P2_62	discarded	Discarded sample	2020-09-15
PRJEB108838	ERS29379833	P2_63	discarded	Discarded sample	2020-09-15
PRJEB108838	ERS29379834	P2_66	discarded	Discarded sample	2020-09-15
PRJEB108838	ERS29379835	P2_67	discarded	Discarded sample	2020-09-15
PRJEB108838	ERS29379836	P2_68	discarded	Discarded sample	2020-09-15
PRJEB108838	ERS29379837	P2_70	discarded	Discarded sample	2020-09-15
PRJEB108838	ERS29379838	P2_73	discarded	Discarded sample	2020-09-15
PRJEB108838	ERS29379839	P2_74	discarded	Discarded sample	2020-09-15
PRJEB108838	ERS29379840	P2_75	discarded	Discarded sample	2020-09-15
PRJEB108838	ERS29379841	P2_76	discarded	Discarded sample	2020-09-15
PRJEB108838	ERS29379842	P2_77	discarded	Discarded sample	2020-09-15
PRJEB108838	ERS29379843	P2_83	discarded	Discarded sample	2020-09-15
PRJEB108838	ERS29379844	P2_87	discarded	Discarded sample	2020-09-15
PRJEB108838	ERS29379845	P2_88	discarded	Discarded sample	2020-09-15
PRJEB108838	ERS29379846	P2_90	discarded	Discarded sample	2020-09-15
PRJEB108838	ERS29379847	P2_91	discarded	Discarded sample	2020-09-15
PRJEB108838	ERS29379848	P2_93	discarded	Discarded sample	2020-09-15
PRJEB108838	ERS29379849	P2_95	discarded	Discarded sample	2020-09-15
PRJEB108838	ERS29379850	P2_96	discarded	Discarded sample	2020-09-15
PRJEB108838	ERS29379851	P3_01	discarded	Discarded sample	2020-09-15
PRJEB108838	ERS29379852	P3_05	discarded	Discarded sample	2020-09-15
PRJEB108838	ERS29379853	P3_06	discarded	Discarded sample	2020-09-15
PRJEB108838	ERS29379854	P3_07	discarded	Discarded sample	2020-09-15
PRJEB108838	ERS29379855	P3_09	discarded	Discarded sample	2020-09-15
PRJEB108838	ERS29379856	P3_12	discarded	Discarded sample	2020-09-15
PRJEB108838	ERS29379857	P3_16	discarded	Discarded sample	2020-09-15
PRJEB108838	ERS29379858	P3_19	discarded	Discarded sample	2020-09-15
PRJEB108838	ERS29379859	P3_26	discarded	Discarded sample	2020-09-15
PRJEB108838	ERS29379860	P3_32	discarded	Discarded sample	2020-09-15
PRJEB108838	ERS29379861	P3_43	discarded	Discarded sample	2020-09-15
PRJEB108838	ERS29379862	P3_47	discarded	Discarded sample	2020-09-15
PRJEB108838	ERS29379863	P3_67	discarded	Discarded sample	2020-09-15
PRJEB108838	ERS29379864	P3_74	discarded	Discarded sample	2020-09-15
PRJEB108838	ERS29379865	P3_76	discarded	Discarded sample	2020-09-15
PRJEB108838	ERS29379866	P3_77	discarded	Discarded sample	2020-09-15
PRJEB108838	ERS29379867	P3_78	discarded	Discarded sample	2020-09-15
PRJEB108838	ERS29379868	P3_80	discarded	Discarded sample	2020-09-15
PRJEB108838	ERS29379869	P4_12	discarded	Discarded sample	2020-09-15
PRJEB108838	ERS29379870	P4_52	discarded	Discarded sample	2020-09-15
PRJEB108838	ERS29379871	P4_60	discarded	Discarded sample	2020-09-15
PRJEB108838	ERS29379872	P4_88	discarded	Discarded sample	2020-09-15
PRJEB108838	ERS29379873	P4_89	discarded	Discarded sample	2020-09-15
PRJEB108838	ERS29379874	P4_90	discarded	Discarded sample	2020-09-15
PRJEB108838	ERS29379875	P4_91	discarded	Discarded sample	2020-09-15
PRJEB108838	ERS29379876	P4_92	discarded	Discarded sample	2020-09-15
PRJEB108838	ERS29379877	P4_93	discarded	Discarded sample	2020-09-15
PRJEB108838	ERS29379878	P4_94	discarded	Discarded sample	2020-09-15
PRJEB108838	ERS29379879	P4_95	discarded	Discarded sample	2020-09-15
PRJEB108838	ERS29379880	P4_96	discarded	Discarded sample	2020-09-15
